year,public,private
1950-01-01,4188509,1197597
1955-01-01,5222437,1408262
1960-01-01,7410754,1973438
1965-01-01,10141061,2612490
1970-01-01,14278199,3544532
1975-01-01,20535151,4703582
1980-01-01,25831690,5973674
1985-01-01,31447302,7700681
1990-01-01,37786503,9909324
1995-01-01,45867791,12997885
2000-01-01,56682732,17819977
2005-01-01,68971793,25274876
2010-01-01,85485311,32873654
2015-01-01,100832743,39916810
2020-01-01,118202154,45586434
